{
  "categoria": "Estructura Compuesta",
  "nombre": "Column Major",
  "m": [
    5,
    5
  ],
  "animacion": 10,
  "valores": [
    {
      "indices": [
        2,
        0
      ],
      "valor": "Kubin"
    },
    {
      "indices": [
        1,
        2
      ],
      "valor": "White"
    },
    {
      "indices": [
        4,
        4
      ],
      "valor": "Lundsten"
    },
    {
      "indices": [
        4,
        0
      ],
      "valor": "Krebs"
    },
    {
      "indices": [
        3,
        2
      ],
      "valor": "Olson"
    },
    {
      "indices": [
        2,
        3
      ],
      "valor": "Paradee"
    },
    {
      "indices": [
        3,
        0
      ],
      "valor": "Johnson"
    },
    {
      "indices": [
        2,
        2
      ],
      "valor": "Martinez"
    },
    {
      "indices": [
        2,
        3
      ],
      "valor": "Napolitano"
    },
    {
      "indices": [
        1,
        0
      ],
      "valor": "Dollar"
    },
    {
      "indices": [
        4,
        3
      ],
      "valor": "Crigler"
    },
    {
      "indices": [
        3,
        3
      ],
      "valor": "Foster"
    },
    {
      "indices": [
        4,
        1
      ],
      "valor": "Ware"
    },
    {
      "indices": [
        1,
        4
      ],
      "valor": "Brooks"
    },
    {
      "indices": [
        4,
        3
      ],
      "valor": "Sprague"
    },
    {
      "indices": [
        3,
        1
      ],
      "valor": "Oullette"
    },
    {
      "indices": [
        1,
        3
      ],
      "valor": "Tooms"
    }
  ]
}
