{
  "categoria": "Estructura Compuesta",
  "nombre": "Compuesta",
  "animacion": 10,
  "valores": [
    {
      "principal": 9,
      "secundario": 223
    },
    {
      "principal": 8,
      "secundario": 72
    },
    {
      "principal": 9,
      "secundario": 28
    },
    {
      "principal": 9,
      "secundario": 211
    },
    {
      "principal": 8,
      "secundario": 136
    },
    {
      "principal": 9,
      "secundario": 404
    },
    {
      "principal": 2,
      "secundario": 316
    },
    {
      "principal": 7,
      "secundario": 188
    },
    {
      "principal": 5,
      "secundario": 382
    },
    {
      "principal": 8,
      "secundario": 425
    },
    {
      "principal": 7,
      "secundario": 246
    },
    {
      "principal": 3,
      "secundario": 342
    },
    {
      "principal": 8,
      "secundario": 22
    },
    {
      "principal": 5,
      "secundario": 466
    },
    {
      "principal": 1,
      "secundario": 305
    },
    {
      "principal": 2,
      "secundario": 127
    },
    {
      "principal": 7,
      "secundario": 114
    },
    {
      "principal": 4,
      "secundario": 401
    },
    {
      "principal": 9,
      "secundario": 66
    },
    {
      "principal": 5,
      "secundario": 411
    },
    {
      "principal": 5,
      "secundario": 227
    },
    {
      "principal": 2,
      "secundario": 393
    },
    {
      "principal": 5,
      "secundario": 114
    },
    {
      "principal": 6,
      "secundario": 446
    },
    {
      "principal": 10,
      "secundario": 415
    },
    {
      "principal": 3,
      "secundario": 245
    },
    {
      "principal": 7,
      "secundario": 394
    },
    {
      "principal": 2,
      "secundario": 293
    },
    {
      "principal": 3,
      "secundario": 153
    },
    {
      "principal": 10,
      "secundario": 184
    }
  ]
}
