{
  "categoria": "Estructura Compuesta",
  "nombre": "Compuesta",
  "animacion": 10,
  "valores": [
    {
      "principal": 7,
      "secundario": "Frances"
    },
    {
      "principal": 3,
      "secundario": "Gary"
    },
    {
      "principal": 1,
      "secundario": "Bill"
    },
    {
      "principal": 1,
      "secundario": "April"
    },
    {
      "principal": 7,
      "secundario": "Chad"
    },
    {
      "principal": 7,
      "secundario": "Fannie"
    },
    {
      "principal": 3,
      "secundario": "Richard"
    },
    {
      "principal": 3,
      "secundario": "Mary"
    },
    {
      "principal": 8,
      "secundario": "Bryan"
    },
    {
      "principal": 10,
      "secundario": "Guillermo"
    },
    {
      "principal": 3,
      "secundario": "Dennis"
    },
    {
      "principal": 4,
      "secundario": "William"
    },
    {
      "principal": 6,
      "secundario": "David"
    },
    {
      "principal": 4,
      "secundario": "Ramon"
    },
    {
      "principal": 4,
      "secundario": "Amanda"
    },
    {
      "principal": 6,
      "secundario": "Matthew"
    },
    {
      "principal": 7,
      "secundario": "Caroline"
    },
    {
      "principal": 9,
      "secundario": "Marina"
    },
    {
      "principal": 9,
      "secundario": "Tammy"
    },
    {
      "principal": 10,
      "secundario": "Paul"
    },
    {
      "principal": 4,
      "secundario": "Moses"
    },
    {
      "principal": 6,
      "secundario": "Joyce"
    },
    {
      "principal": 9,
      "secundario": "Gary"
    },
    {
      "principal": 1,
      "secundario": "Audra"
    },
    {
      "principal": 9,
      "secundario": "Sara"
    },
    {
      "principal": 5,
      "secundario": "Twanna"
    },
    {
      "principal": 8,
      "secundario": "Karen"
    },
    {
      "principal": 9,
      "secundario": "Terry"
    },
    {
      "principal": 4,
      "secundario": "Edward"
    },
    {
      "principal": 9,
      "secundario": "Timothy"
    }
  ]
}
