{
  "categoria": "Estructura Compuesta",
  "nombre": "Tabla Hash Dirrecionamiento Abierto",
  "m": 7,
  "minimo": 30,
  "maximo": 80,
  "funcion": "Division",
  "prueba": "Lineal",
  "animacion": 10,
  "valores": [
    "Phillip",
    "Aaron",
    "Patsy",
    "Linda",
    "Tina",
    "Bruce",
    "Arlene",
    "Randy",
    "Thomas",
    "Christopher",
    "Alma",
    "Jennifer",
    "Larry",
    "Kevin",
    "Jane",
    "Joshua",
    "Earl",
    "David",
    "Melvin",
    "Norman",
    "Lisa",
    "Christine",
    "Albert",
    "Monica",
    "Brenda",
    "Elizabeth",
    "Laurence",
    "Dawn",
    "Ryan",
    "Jack"
  ]
}
