{
  "categoria": "Estructura Compuesta",
  "nombre": "Tabla Hash Dirrecionamiento Cerrado",
  "m": 7,
  "minimo": 10,
  "maximo": 60,
  "funcion": "Multiplicacion",
  "animacion": 10,
  "valores": [
    "Ernesto",
    "Shirley",
    "Bennie",
    "Glenn",
    "Terry",
    "Judy",
    "Kristen",
    "Janice",
    "John",
    "John",
    "Tammy",
    "Darnell",
    "Randall",
    "Candice",
    "Clement",
    "Andrea",
    "Jonathan",
    "Sergio",
    "Kathleen",
    "Pauline",
    "Robert",
    "Shavonne",
    "Natalie",
    "William",
    "Alice",
    "Robert",
    "Alma",
    "Mary",
    "Lucia",
    "Rebecca",
    "Isaac",
    "Ed",
    "Lisa",
    "Douglas",
    "Jenni",
    "Belinda",
    "David",
    "William",
    "Tonya",
    "Brigette",
    "John",
    "Anthony",
    "Heather",
    "Scott",
    "Gladys",
    "Elena",
    "Nancy",
    "Nadine",
    "Richard",
    "Evelyn"
  ]
}
