{
  "categoria": "Estructura No Lineal",
  "nombre": "Grafo Dirigido",
  "almacenamiento": "Lista",
  "animacion": 10,
  "valores": [
    {
      "vertice": 101,
      "aristas": [
        {
          "arista": 102,
          "distancia": 1
        },
        {
          "arista": 105,
          "distancia": 1
        },
        {
          "arista": 104,
          "distancia": 7
        }
      ]
    },
    {
      "vertice": 102,
      "aristas": [
        {
          "arista": 103,
          "distancia": 3
        },
        {
          "arista": 104,
          "distancia": 6
        }
      ]
    },
    {
      "vertice": 103,
      "aristas": [
        {
          "arista": 104,
          "distancia": 2
        }
      ]
    },
    {
      "vertice": 104,
      "aristas": [
        {
          "arista": 107,
          "distancia": 1
        }
      ]
    },
    {
      "vertice": 105,
      "aristas": [
        {
          "arista": 106,
          "distancia": 1
        },
        {
          "arista": 107,
          "distancia": 7
        }
      ]
    },
    {
      "vertice": 106,
      "aristas": [
        {
          "arista": 103,
          "distancia": 1
        },
        {
          "arista": 107,
          "distancia": 2
        }
      ]
    },
    {
      "vertice": 107,
      "aristas": [
      ]
    }
  ]
}
