{
  "categoria": "Estructura No Lineal",
  "nombre": "Grafo No Dirigido",
  "almacenamiento": "Matriz",
  "animacion": 10,
  "valores": [
    {
      "vertice": 1,
      "aristas": [
        {
          "arista": 6,
          "distancia": 2
        }
      ]
    },
    {
      "vertice": 3,
      "aristas": [
        {
          "arista": 6,
          "distancia": 3
        },
        {
          "arista": 2,
          "distancia": 2
        }
      ]
    },
    {
      "vertice": 5,
      "aristas": [
        {
          "arista": 6,
          "distancia": 3
        },
        {
          "arista": 2,
          "distancia": 1
        }
      ]
    },
    {
      "vertice": 6,
      "aristas": [
        {
          "arista": 1,
          "distancia": 2
        },
        {
          "arista": 3,
          "distancia": 3
        },
        {
          "arista": 5,
          "distancia": 3
        }
      ]
    },
    {
      "vertice": 2,
      "aristas": [
        {
          "arista": 3,
          "distancia": 2
        },
        {
          "arista": 5,
          "distancia": 1
        },
        {
          "arista": 8,
          "distancia": 1
        },
        {
          "arista": 7,
          "distancia": 3
        }
      ]
    },
    {
      "vertice": 8,
      "aristas": [
        {
          "arista": 2,
          "distancia": 1
        },
        {
          "arista": 7,
          "distancia": 1
        }
      ]
    },
    {
      "vertice": 7,
      "aristas": [
        {
          "arista": 2,
          "distancia": 3
        },
        {
          "arista": 8,
          "distancia": 1
        }
      ]
    }
  ]
}
