{
  "categoria": "Estructura Compuesta",
  "nombre": "Matriz Dispersa",
  "animacion": 10,
  "valores": [
    {
      "indices": [
        2,
        3
      ],
      "valor": 692
    },
    {
      "indices": [
        3,
        6
      ],
      "valor": 448
    },
    {
      "indices": [
        2,
        3
      ],
      "valor": 333
    },
    {
      "indices": [
        0,
        7
      ],
      "valor": 390
    },
    {
      "indices": [
        3,
        6
      ],
      "valor": 516
    },
    {
      "indices": [
        0,
        5
      ],
      "valor": 977
    },
    {
      "indices": [
        2,
        9
      ],
      "valor": 633
    },
    {
      "indices": [
        2,
        1
      ],
      "valor": 825
    },
    {
      "indices": [
        2,
        7
      ],
      "valor": 4
    },
    {
      "indices": [
        4,
        5
      ],
      "valor": 432
    },
    {
      "indices": [
        3,
        8
      ],
      "valor": 383
    },
    {
      "indices": [
        3,
        6
      ],
      "valor": 470
    },
    {
      "indices": [
        3,
        3
      ],
      "valor": 473
    },
    {
      "indices": [
        0,
        2
      ],
      "valor": 379
    },
    {
      "indices": [
        2,
        5
      ],
      "valor": 639
    },
    {
      "indices": [
        2,
        6
      ],
      "valor": 349
    },
    {
      "indices": [
        2,
        0
      ],
      "valor": 828
    },
    {
      "indices": [
        3,
        4
      ],
      "valor": 811
    },
    {
      "indices": [
        3,
        4
      ],
      "valor": 456
    },
    {
      "indices": [
        0,
        8
      ],
      "valor": 62
    },
    {
      "indices": [
        0,
        0
      ],
      "valor": 396
    },
    {
      "indices": [
        4,
        5
      ],
      "valor": 808
    },
    {
      "indices": [
        4,
        3
      ],
      "valor": 683
    },
    {
      "indices": [
        0,
        9
      ],
      "valor": 830
    },
    {
      "indices": [
        3,
        9
      ],
      "valor": 517
    },
    {
      "indices": [
        0,
        6
      ],
      "valor": 801
    },
    {
      "indices": [
        3,
        8
      ],
      "valor": 837
    },
    {
      "indices": [
        4,
        3
      ],
      "valor": 815
    },
    {
      "indices": [
        2,
        5
      ],
      "valor": 909
    },
    {
      "indices": [
        4,
        7
      ],
      "valor": 621
    },
    {
      "indices": [
        0,
        7
      ],
      "valor": 809
    },
    {
      "indices": [
        1,
        8
      ],
      "valor": 963
    },
    {
      "indices": [
        4,
        7
      ],
      "valor": 992
    },
    {
      "indices": [
        2,
        3
      ],
      "valor": 687
    },
    {
      "indices": [
        1,
        4
      ],
      "valor": 754
    }
  ]
}
