{
  "categoria": "Estructura Arboreas",
  "nombre": "AVL",
  "repeticion": false,
  "animacion": 10,
  "valores": [
    "Gregory",
    "Robert",
    "Bailey",
    "Dawn",
    "Richard",
    "Rodrick",
    "Antonio",
    "Vickie",
    "Kathleen",
    "Robert",
    "Jessica",
    "Christopher",
    "Rosetta",
    "Charles",
    "Rita",
    "Jerry",
    "Ann",
    "Martha",
    "Janice",
    "James",
    "Alton",
    "John",
    "Charlotte",
    "Jennifer",
    "Eugene",
    "Ronald",
    "Patricia",
    "Horace",
    "Ray",
    "Jerry",
    "Stephanie",
    "Lee",
    "Alan",
    "Richard",
    "Victoria",
    "Billy",
    "Angela",
    "Christopher",
    "Randall",
    "Clarence",
    "Gilbert",
    "Scott",
    "Camille",
    "Blanche",
    "Felix",
    "Ruth",
    "Kiley",
    "John",
    "Cleo",
    "Rolando",
    "Christopher",
    "Steven",
    "Clara",
    "Jose",
    "Sylvester",
    "John",
    "David",
    "Vickie",
    "Robert",
    "Glen",
    "Arthur",
    "Robert",
    "Alan",
    "Kathleen",
    "Richard",
    "Allison",
    "Ray",
    "Krystal",
    "Brandon",
    "Mary",
    "Sharon",
    "April",
    "Angela",
    "Linette",
    "Pearl",
    "Julia",
    "Kenneth",
    "Margaret",
    "Mary",
    "James",
    "Kassie",
    "Virginia",
    "Daniel",
    "Judy",
    "Alfonzo",
    "Anthony",
    "Guillermo",
    "Holly",
    "Robert",
    "Gary",
    "Juan",
    "Omar",
    "Sheri",
    "Linda",
    "John",
    "Bryan",
    "Joseph",
    "Ernest",
    "Brian",
    "Carole"
  ]
}