{
  "categoria": "Estructura Arboreas",
  "nombre": "Arbol B",
  "grado": 7,
  "repeticion": true,
  "animacion": 10,
  "valores": [
    "David",
    "Manuel",
    "Glen",
    "Jesus",
    "Timothy",
    "Marjorie",
    "Amber",
    "Jacinta",
    "William",
    "Jesse",
    "Kim",
    "Kathy",
    "Jimmy",
    "Sharon",
    "Anthony",
    "Jesus",
    "Peter",
    "Ernest",
    "Roberta",
    "Gladys",
    "Dawn",
    "Harry",
    "Alphonso",
    "Henry",
    "Karen",
    "Patricia",
    "Robert",
    "Audrey",
    "Katherine",
    "Mary",
    "Margaret",
    "Vito",
    "David",
    "Michael",
    "Sarah",
    "Bridgett",
    "Richard",
    "Veronica",
    "Barbara",
    "Jane",
    "Joseph",
    "Cindy",
    "Benjamin",
    "David",
    "Susan",
    "Scott",
    "Edward",
    "Steven",
    "Howard",
    "Mary",
    "Nancy",
    "Michael",
    "Lisa",
    "Anna",
    "Twanda",
    "Robert",
    "Leroy",
    "Frank",
    "Michael",
    "Michael",
    "Michael",
    "Cecil",
    "Cory",
    "Bethany",
    "Kathy",
    "Sonia",
    "Teresa",
    "Patricia",
    "Patsy",
    "Tracy",
    "Richard",
    "Norman",
    "Anne",
    "Mario",
    "Kimberly",
    "Marie",
    "Scott",
    "Lillian",
    "Ruth",
    "John",
    "Ben",
    "Renato",
    "Peter",
    "Denise",
    "Albert",
    "Gretchen",
    "Edward",
    "Lawrence",
    "Christopher",
    "Herbert",
    "Clara",
    "Paul",
    "Robert",
    "Verna",
    "Mary",
    "Brandon",
    "Terrance",
    "Alicia",
    "David",
    "John"
  ]
}
