{
  "categoria": "Estructura Arboreas",
  "nombre": "ABB",
  "repeticion": true,
  "animacion": 10,
  "valores": [
    17,
    11,
    113,
    65,
    63,
    130,
    198,
    146,
    195,
    179,
    35,
    116,
    148,
    234,
    152,
    123,
    168,
    9,
    71,
    19,
    101,
    103,
    2,
    158,
    145,
    49,
    206,
    59,
    116,
    149,
    17,
    187,
    171,
    176,
    233,
    74,
    210,
    189,
    81,
    96,
    57,
    24,
    24,
    141,
    199,
    217,
    199,
    117,
    106,
    177,
    121,
    161,
    166,
    69,
    220,
    108,
    209,
    239,
    200,
    8,
    106,
    209,
    10,
    82,
    171,
    140,
    36,
    114,
    15,
    94,
    208,
    215,
    115,
    67,
    191,
    156,
    167,
    148,
    205,
    183,
    115,
    217,
    87,
    87,
    137,
    103,
    174,
    208,
    79,
    172,
    213,
    33,
    54,
    143,
    34,
    120,
    153,
    168,
    247,
    241
  ]
}