{
  "categoria": "Estructura Arboreas",
  "nombre": "Arbol B+",
  "grado": 4,
  "repeticion": false,
  "animacion": 10,
  "valores": [
    31,
    145,
    137,
    94,
    150,
    80,
    129,
    24,
    125,
    82,
    120,
    78,
    123,
    4,
    68,
    85,
    19,
    15,
    117,
    131,
    115,
    97,
    12,
    117,
    103,
    49,
    7,
    120,
    124,
    38,
    88,
    125,
    13,
    28,
    37,
    25,
    148,
    59,
    115,
    48,
    137,
    131,
    139,
    82,
    26,
    55,
    27,
    129,
    115,
    52,
    48,
    27,
    50,
    150,
    40,
    132,
    95,
    85,
    38,
    94
  ]
}