{
  "categoria": "Estructura Lineal",
  "nombre": "Cola",
  "repeticion": false,
  "animacion": 10,
  "valores": [
    "Amy",
    "Leticia",
    "Anthony",
    "Shannon",
    "Joel",
    "Eunice",
    "Dexter",
    "Gerald",
    "Mary",
    "Christopher",
    "Susan",
    "Matthew",
    "Preston",
    "James",
    "Victor",
    "Tracy",
    "Leon",
    "Kati",
    "Erika",
    "Roberta",
    "Nicholas",
    "Kay",
    "Benjamin",
    "Hollis",
    "Charles",
    "Michelle",
    "Doris",
    "Kevin",
    "Florence",
    "Janie",
    "Peter",
    "Rita",
    "Jose",
    "Paulette",
    "Brooke",
    "Amanda",
    "Michael",
    "Amy",
    "Marguerite",
    "Emma",
    "Richard",
    "Todd",
    "David",
    "Melody",
    "Margaret",
    "Philip",
    "Frank",
    "Yasmin",
    "Diane",
    "Christine",
    "Oscar",
    "Keith",
    "Otto",
    "Polly",
    "Kelly",
    "Silva",
    "Katherine",
    "Malcolm",
    "Donnie",
    "Joey",
    "Margaret",
    "Gregory",
    "Will",
    "Genoveva",
    "Helen",
    "Lenore",
    "Pearl",
    "Reginald",
    "Leola",
    "Kevin",
    "Janice",
    "Doris",
    "Brenda",
    "Kathryn",
    "Todd"
  ]
}
