{
  "categoria": "Estructura Lineal",
  "nombre": "Cola Prioridad",
  "repeticion": true,
  "animacion": 10,
  "valores": [
    {
      "valor": "Fajardo",
      "prioridad": 5
    },
    {
      "valor": "Ornelas",
      "prioridad": 3
    },
    {
      "valor": "Dresser",
      "prioridad": 3
    },
    {
      "valor": "Zarate",
      "prioridad": 4
    },
    {
      "valor": "Palka",
      "prioridad": 1
    },
    {
      "valor": "Guadalupe",
      "prioridad": 5
    },
    {
      "valor": "Charlie",
      "prioridad": 2
    },
    {
      "valor": "Ware",
      "prioridad": 5
    },
    {
      "valor": "Beck",
      "prioridad": 1
    },
    {
      "valor": "Allen",
      "prioridad": 5
    },
    {
      "valor": "Sandhu",
      "prioridad": 4
    },
    {
      "valor": "Campbell",
      "prioridad": 4
    },
    {
      "valor": "Lawalin",
      "prioridad": 3
    },
    {
      "valor": "Rios",
      "prioridad": 4
    },
    {
      "valor": "Johnson",
      "prioridad": 5
    },
    {
      "valor": "Miller",
      "prioridad": 5
    },
    {
      "valor": "Burns",
      "prioridad": 4
    },
    {
      "valor": "Gulley",
      "prioridad": 1
    },
    {
      "valor": "Jacobs",
      "prioridad": 4
    },
    {
      "valor": "Quale",
      "prioridad": 1
    },
    {
      "valor": "Klotz",
      "prioridad": 4
    },
    {
      "valor": "Harrell",
      "prioridad": 5
    },
    {
      "valor": "Diamantopoulo",
      "prioridad": 4
    },
    {
      "valor": "Richards",
      "prioridad": 2
    },
    {
      "valor": "Fick",
      "prioridad": 4
    },
    {
      "valor": "Deeds",
      "prioridad": 5
    },
    {
      "valor": "Santos",
      "prioridad": 4
    },
    {
      "valor": "Williams",
      "prioridad": 2
    },
    {
      "valor": "Parker",
      "prioridad": 5
    },
    {
      "valor": "Freeman",
      "prioridad": 5
    },
    {
      "valor": "Carnes",
      "prioridad": 5
    },
    {
      "valor": "Brumfield",
      "prioridad": 2
    },
    {
      "valor": "Krois",
      "prioridad": 1
    },
    {
      "valor": "Odaniel",
      "prioridad": 4
    },
    {
      "valor": "Brayton",
      "prioridad": 2
    },
    {
      "valor": "Brown",
      "prioridad": 1
    },
    {
      "valor": "Walker",
      "prioridad": 5
    },
    {
      "valor": "Brock",
      "prioridad": 4
    },
    {
      "valor": "Morales",
      "prioridad": 4
    },
    {
      "valor": "Knotts",
      "prioridad": 2
    },
    {
      "valor": "Brandon",
      "prioridad": 2
    },
    {
      "valor": "Gulledge",
      "prioridad": 2
    },
    {
      "valor": "Jong",
      "prioridad": 2
    },
    {
      "valor": "Corbitt",
      "prioridad": 5
    },
    {
      "valor": "Jones",
      "prioridad": 2
    },
    {
      "valor": "Ramos",
      "prioridad": 1
    },
    {
      "valor": "Vaughn",
      "prioridad": 4
    },
    {
      "valor": "Vinson",
      "prioridad": 2
    },
    {
      "valor": "Nevills",
      "prioridad": 1
    },
    {
      "valor": "Sanchez",
      "prioridad": 5
    },
    {
      "valor": "Henry",
      "prioridad": 4
    },
    {
      "valor": "Rose",
      "prioridad": 5
    },
    {
      "valor": "Moore",
      "prioridad": 2
    },
    {
      "valor": "Reddick",
      "prioridad": 3
    },
    {
      "valor": "Mcgraw",
      "prioridad": 3
    },
    {
      "valor": "Goodman",
      "prioridad": 2
    },
    {
      "valor": "Smith",
      "prioridad": 2
    },
    {
      "valor": "Wang",
      "prioridad": 4
    },
    {
      "valor": "Reed",
      "prioridad": 3
    },
    {
      "valor": "West",
      "prioridad": 5
    },
    {
      "valor": "Anthony",
      "prioridad": 4
    },
    {
      "valor": "Berger",
      "prioridad": 2
    },
    {
      "valor": "Silva",
      "prioridad": 3
    },
    {
      "valor": "Krummel",
      "prioridad": 4
    },
    {
      "valor": "Ellis",
      "prioridad": 5
    },
    {
      "valor": "Ford",
      "prioridad": 2
    },
    {
      "valor": "Domenice",
      "prioridad": 5
    },
    {
      "valor": "Morgan",
      "prioridad": 3
    },
    {
      "valor": "Schaffer",
      "prioridad": 2
    },
    {
      "valor": "Roeber",
      "prioridad": 4
    },
    {
      "valor": "Malach",
      "prioridad": 5
    },
    {
      "valor": "Dugan",
      "prioridad": 5
    },
    {
      "valor": "Olson",
      "prioridad": 1
    },
    {
      "valor": "Dobbins",
      "prioridad": 4
    },
    {
      "valor": "Mandy",
      "prioridad": 2
    },
    {
      "valor": "Mcguinn",
      "prioridad": 1
    },
    {
      "valor": "Brown",
      "prioridad": 1
    },
    {
      "valor": "Homes",
      "prioridad": 4
    },
    {
      "valor": "Bennett",
      "prioridad": 3
    },
    {
      "valor": "Parsons",
      "prioridad": 4
    },
    {
      "valor": "Ellithorpe",
      "prioridad": 1
    },
    {
      "valor": "Parsons",
      "prioridad": 1
    },
    {
      "valor": "Landeros",
      "prioridad": 1
    },
    {
      "valor": "Mccoy",
      "prioridad": 1
    },
    {
      "valor": "Cross",
      "prioridad": 3
    },
    {
      "valor": "Seibert",
      "prioridad": 3
    },
    {
      "valor": "Doss",
      "prioridad": 1
    },
    {
      "valor": "Crane",
      "prioridad": 2
    },
    {
      "valor": "Propst",
      "prioridad": 3
    },
    {
      "valor": "Lavalley",
      "prioridad": 4
    },
    {
      "valor": "Jaggers",
      "prioridad": 1
    },
    {
      "valor": "Rocha",
      "prioridad": 3
    },
    {
      "valor": "Grigsby",
      "prioridad": 5
    },
    {
      "valor": "Walker",
      "prioridad": 3
    },
    {
      "valor": "Bailey",
      "prioridad": 3
    },
    {
      "valor": "Mcelwee",
      "prioridad": 5
    },
    {
      "valor": "Hill",
      "prioridad": 2
    },
    {
      "valor": "Ali",
      "prioridad": 2
    },
    {
      "valor": "Rock",
      "prioridad": 1
    },
    {
      "valor": "Fullmer",
      "prioridad": 2
    }
  ]
}
