{
  "categoria": "Estructura Lineal",
  "nombre": "Lista Circular Simplemente",
  "repeticion": true,
  "posicion": "Final",
  "animacion": 10,
  "valores": [
    27,
    20,
    29,
    68,
    2,
    40,
    65,
    71,
    82,
    28,
    81,
    96,
    65,
    88,
    36,
    19,
    34,
    95,
    88,
    14,
    14,
    18,
    1,
    78,
    90,
    90,
    44,
    33,
    95,
    31,
    8,
    60,
    59,
    23,
    51,
    82,
    5,
    58,
    72,
    77,
    47,
    4,
    51,
    99,
    90,
    55,
    65,
    64,
    75,
    69,
    36,
    44,
    88,
    79,
    87,
    9,
    45,
    12,
    3,
    67,
    85,
    96,
    83,
    12,
    97,
    35,
    62,
    6,
    10,
    28,
    13,
    11,
    4,
    31,
    58,
    39,
    73,
    3,
    18,
    38,
    47,
    83,
    4,
    58,
    88,
    54,
    86,
    22,
    25,
    54,
    87,
    12,
    53,
    26,
    30,
    79,
    50,
    20,
    57,
    1
  ]
}
