{
  "categoria": "Estructura Lineal",
  "nombre": "Lista Simplemente",
  "repeticion": true,
  "posicion": "Inicio",
  "animacion": 10,
  "valores": [
    91,
    40,
    8,
    50,
    87,
    63,
    63,
    75,
    70,
    76,
    57,
    11,
    98,
    47,
    52,
    15,
    26,
    4,
    31,
    55,
    35,
    50,
    28,
    15,
    54,
    90,
    72,
    16,
    29,
    18,
    58,
    3,
    31,
    58,
    58,
    97,
    72,
    64,
    64,
    68,
    45,
    14,
    91,
    76,
    88,
    52,
    49,
    37,
    96,
    86,
    47,
    80,
    99,
    16,
    7,
    1,
    97,
    70,
    10,
    9,
    17,
    92,
    24,
    54,
    83,
    35,
    56,
    58,
    75,
    43,
    30,
    56,
    99,
    54,
    42,
    78,
    36,
    2,
    95,
    2,
    3,
    39,
    76,
    57,
    36,
    56,
    71,
    57,
    82,
    77,
    73,
    54,
    9,
    15,
    5,
    81,
    68,
    32,
    75,
    91
  ]
}
