{
  "categoria": "Estructura Lineal",
  "nombre": "Lista Circular Doblemente",
  "repeticion": false,
  "posicion": "Inicio",
  "animacion": 10,
  "valores": [
    "Gregory",
    "John",
    "Denise",
    "Kimberly",
    "Diana",
    "Gail",
    "Edna",
    "Ruth",
    "Angela",
    "Phillip",
    "Rose",
    "Joan",
    "Joyce",
    "Loren",
    "Lana",
    "Jill",
    "Ruth",
    "Jackie",
    "Robert",
    "Robin",
    "Julie",
    "Andrew",
    "Connie",
    "Collin",
    "Laura",
    "Trudy",
    "Jonathan",
    "James",
    "Willa",
    "Scott",
    "Karen",
    "Jeffery",
    "Jaime",
    "Gary",
    "Kermit",
    "Nora",
    "Vida",
    "Diane",
    "Adam",
    "Russel",
    "Alma",
    "William",
    "Rosemary",
    "Lois",
    "Vernon",
    "Roselyn",
    "Aaron",
    "Shelia",
    "Julia",
    "Nathan",
    "Betty",
    "William",
    "Gloria",
    "Roy",
    "Loretta",
    "Ned",
    "Erika",
    "Lilli",
    "Beatrice",
    "Robert",
    "William",
    "William",
    "William",
    "Lena",
    "Monica",
    "Valerie",
    "Lee",
    "Timothy",
    "William",
    "Novella",
    "Carson",
    "Ida",
    "Frances",
    "Kathleen",
    "Marianne",
    "Charles",
    "Willie",
    "Cesar",
    "Valerie",
    "Alan",
    "Scott",
    "Asley",
    "Thelma",
    "Terri",
    "George",
    "Steve",
    "Jessica",
    "Lizzie",
    "Clara",
    "Alejandra",
    "Walter",
    "Janet",
    "Robert",
    "Josiah",
    "Milagro",
    "Edna",
    "Marie",
    "Alice",
    "Edna",
    "Dawn"
  ]
}
