{
  "categoria": "Estructura Lineal",
  "nombre": "Lista Doblemente",
  "repeticion": false,
  "posicion": "Ordenado",
  "animacion": 10,
  "valores": [
    "Brian",
    "Maria",
    "Paul",
    "Lamont",
    "Gary",
    "Juanita",
    "Matthew",
    "Angela",
    "Eric",
    "Sylvia",
    "Sharon",
    "Walter",
    "Noel",
    "Larry",
    "Timothy",
    "Mary",
    "Michael",
    "Ryan",
    "Judy",
    "Aaron",
    "Joseph",
    "Paul",
    "Susan",
    "Matthew",
    "Rebecca",
    "Cindy",
    "Rudolph",
    "Micheal",
    "Alexis",
    "Jose",
    "Rosa",
    "Wendy",
    "Tiffany",
    "Daniel",
    "Rita",
    "Daniel",
    "Ted",
    "Amber",
    "Tomas",
    "James",
    "Patrick",
    "James",
    "John",
    "Marvin",
    "Curtis",
    "Tracy",
    "Mary",
    "Dennis",
    "Audrey",
    "Ruth",
    "Charlotte",
    "Dale",
    "Robert",
    "Jon",
    "Donna",
    "Daniel",
    "Charles",
    "Craig",
    "Doris",
    "Peg",
    "Paul",
    "Charles",
    "Daniel",
    "John",
    "Theresa",
    "Karla",
    "Ryan",
    "Bell",
    "Patricia",
    "John",
    "Teresa",
    "Mabel",
    "Delores",
    "Nina",
    "Betty",
    "Emilio",
    "Violet",
    "Marc",
    "Matthew",
    "Micheal",
    "Sandra",
    "Mary",
    "Richard",
    "Elizabeth",
    "Ruth",
    "Regina",
    "Melvin",
    "Brian",
    "Katherine",
    "Craig",
    "Eugene",
    "Steven",
    "Thomas",
    "Freeda",
    "Natasha",
    "Mary",
    "Vernon",
    "Brenda",
    "Matthew",
    "Walter"
  ]
}
