{
  "categoria": "Estructura Lineal",
  "nombre": "Ordenamiento",
  "repeticion": false,
  "animacion": 10,
  "valores": [
    5268,
    7662,
    1216,
    1419,
    827,
    1570,
    6551,
    7990,
    9848,
    1395,
    6970,
    7085,
    7252,
    49,
    4489,
    7705,
    6588,
    8640,
    9423,
    1741,
    5579,
    5801,
    5932,
    40,
    3316,
    3812,
    4631,
    6415,
    449,
    6217,
    6961,
    7140,
    7059,
    2491,
    8027,
    5563,
    262,
    313,
    733,
    9476,
    845,
    953,
    1078,
    9721,
    9010,
    8849,
    4844,
    7965,
    1722,
    2863,
    991,
    6235,
    6166,
    1533,
    7724,
    5982,
    7632,
    3145,
    4077,
    2084,
    8222,
    5186,
    3092,
    3588,
    8568,
    844,
    7529,
    3041,
    4505,
    3926,
    6795,
    9977,
    3195,
    4082,
    3268,
    183,
    6688,
    5283,
    1682,
    4547,
    3376,
    1265,
    8342,
    3939,
    6843,
    5082,
    8664,
    7939,
    2558,
    8567,
    7779,
    2295,
    4371,
    3369,
    6128,
    4732,
    7087,
    3255,
    6957,
    2267,
    9875,
    2460,
    5880,
    8969,
    7937,
    3335,
    9982,
    2568,
    7460,
    6916,
    5494,
    4835,
    567,
    5282,
    7947,
    3018,
    66,
    5210,
    5794,
    9477,
    8958,
    1415,
    6431,
    7412,
    7845,
    5550,
    1886,
    7572,
    233,
    8010,
    4380,
    4448,
    1481,
    6579,
    9285,
    3869,
    2924,
    2181,
    2716,
    4067,
    6720,
    9984,
    8946,
    7368,
    476,
    462,
    5813,
    4822,
    1015,
    4906
  ]
}
