{
  "categoria": "Estructura Lineal",
  "nombre": "Ordenamiento",
  "repeticion": true,
  "animacion": 10,
  "valores": [
    "Ann",
    "Gertrude",
    "Henry",
    "Paul",
    "Kenneth",
    "Lynn",
    "Morris",
    "Rafael",
    "Martha",
    "Darrel",
    "Debbie",
    "Travis",
    "Jeremiah",
    "Robert",
    "Mohamed",
    "Arthur",
    "Jennifer",
    "Barbara",
    "Edna",
    "Kyong",
    "Megan",
    "Richard",
    "David",
    "Rosetta",
    "Kari",
    "Richard",
    "Mary",
    "Elizabeth",
    "Shaina",
    "Kelli",
    "Ana",
    "Judy",
    "William",
    "Jeffrey",
    "Joseph",
    "Breanna",
    "Carmen",
    "Porter",
    "Zachary",
    "Melissa",
    "Woodrow",
    "Clayton",
    "Michele",
    "John",
    "Christopher",
    "Lance",
    "Mary",
    "William",
    "Patsy",
    "Andrew",
    "Jan",
    "Michele",
    "Marjorie",
    "Samuel",
    "Mildred",
    "Teresa",
    "James",
    "Margarete",
    "Elsie",
    "Cyrus",
    "Antonio",
    "Gladys",
    "Jerry",
    "Jessenia",
    "Norma",
    "Jamar",
    "Micheal",
    "Carla",
    "Gil",
    "Vesta",
    "Joshua",
    "Janet",
    "Eva",
    "Maria",
    "Ronald",
    "Verline",
    "Amy",
    "Lee",
    "Dario",
    "Christopher",
    "Ronald",
    "Allyson",
    "James",
    "Melissa",
    "David",
    "Brian",
    "Robert",
    "Karissa",
    "Monica",
    "Larry",
    "Michael",
    "Michael",
    "Curtis",
    "Anna",
    "Tiffani",
    "Travis",
    "Stephanie",
    "Mark",
    "Bessie",
    "Jane",
    "Gary",
    "Julian",
    "Elijah",
    "Victoria",
    "Shirley",
    "Clarence",
    "Scot",
    "Donna",
    "Lena",
    "Joshua",
    "Roger",
    "James",
    "Mary",
    "Nancy",
    "Timothy",
    "Allen",
    "Carmen",
    "Inez",
    "Lynda",
    "Maynard",
    "Teri",
    "Chad",
    "Jeremy",
    "Janice",
    "Lucille",
    "Barbara",
    "Juan",
    "Christopher",
    "Judy",
    "Eldon",
    "Nellie",
    "Larry",
    "Herbert",
    "Marsha",
    "Terry",
    "Christopher",
    "Clay",
    "Sarah",
    "Robert",
    "Kari",
    "Keith",
    "Philip",
    "Israel",
    "Maria",
    "Frank",
    "Linda",
    "Andrew",
    "Amanda",
    "Lisa",
    "Kathy"
  ]
}
