{
  "categoria": "Estructura Lineal",
  "nombre": "Pila",
  "repeticion": true,
  "animacion": 10,
  "valores": [
    74,
    18,
    7,
    86,
    51,
    76,
    32,
    6,
    73,
    81,
    27,
    37,
    24,
    81,
    78,
    54,
    52,
    77,
    43,
    12,
    65,
    99,
    25,
    19,
    16,
    86,
    5,
    25,
    24,
    22,
    89,
    82,
    46,
    72,
    20,
    96,
    25,
    63,
    72,
    42,
    3,
    15,
    95,
    81,
    41,
    46,
    78,
    22,
    20,
    5,
    73,
    25,
    15,
    71,
    70,
    57,
    11,
    36,
    98,
    95,
    1,
    93,
    14,
    97,
    49,
    70,
    93,
    59,
    5,
    36,
    26,
    73,
    94,
    32,
    97,
    32,
    68,
    30,
    85,
    73,
    57,
    84,
    33,
    2,
    55,
    57,
    69,
    26,
    71,
    36,
    50,
    3,
    65,
    98,
    71,
    1,
    90,
    57,
    98,
    59
  ]
}
